#,Title,Notes,Text Overlay,User Tags,Synergy Tags,Result,Duration,In Point,Out Point,Team,Game,Date,Pd.,Clock,Player,Synergy String
1,Jack Dalgety,,,,"P&R BH, Cut, 2FGm, Def Reb, Block, Blocked Attempt",Miss 2 Pts,00:00:25.7,,,Clarkson University Golden Knights,CU@RIT,02/03/2024,1,19:38,"Jack Dalgety, Jackson Otis, Josiah Turner",15 Braeden Burns > P&R Ball Handler > High P&R > Dribble Off Pick > Defense Commits > Ball Delivered > 21 Jack Dalgety > Cut > Basket > Miss 2 Pts,
2,Brock Bowen,,,,"Off Screen, 3FGM, Assist",Make 3 Pts,00:00:14.2,,,Rochester Institute of Technology Tigers,CU@RIT,02/03/2024,1,19:22,"Keegan Ocorr, Brock Bowen",10 Brock Bowen > Off Screen > To Shooter's Right > Fade > No Dribble Jumper > Guarded > Long/3pt > Make 3 Pts,
3,Finn Cork,,,,"Post Up, 2FGM",Make 2 Pts,00:00:17.2,,,Clarkson University Golden Knights,CU@RIT,02/03/2024,1,19:05,Finn Cork,40 Finn Cork > Post-Up > Flash Middle > Left Shoulder > Dribble Move > To Hook > Make 2 Pts,
4,Jackson Otis,,,,"P&R BH, Spot Up, 3FGM, Assist",Make 3 Pts,00:00:14.0,,,Rochester Institute of Technology Tigers,CU@RIT,02/03/2024,1,18:49,"Jackson Otis, Keegan Ocorr",1 Keegan Ocorr > P&R Ball Handler > Right P&R > Side > Dribble Off Pick > Defense Commits > Ball Delivered > 25 Jackson Otis > Spot-Up > No Dribble Jumper > Guarded > Long/3pt > Make 3 Pts,
5,Ryan Miles-Ferguson,,,,"Handoff, 2FGm",Miss 2 Pts,00:00:19.9,,,Clarkson University Golden Knights,CU@RIT,02/03/2024,1,18:34,Ryan Miles-Ferguson,3 Ryan Miles-Ferguson > Hand Off > From Dribble > Top > Dribble Jumper > Medium/17' to <3p > Miss 2 Pts,
6,Jack Dalgety,,,,"Off Reb, 2FGm, Off Reb, Def Reb",Miss 2 Pts,00:00:09.7,,,Clarkson University Golden Knights,CU@RIT,02/03/2024,1,18:34,"Jack Dalgety, Josiah Turner",21 Jack Dalgety > Offensive Rebound > Short > Scoring Attempt > At Basket > Miss 2 Pts,
7,Josiah Turner,,,,"Spot Up, Turnover",Turnover,00:00:25.7,,,Rochester Institute of Technology Tigers,CU@RIT,02/03/2024,1,18:15,Josiah Turner,33 Josiah Turner > Spot-Up > Drives Left > Turnover,
8,Braeden Burns,,,,"Transition, 3FGM, Assist",Make 3 Pts,00:00:13.1,,,Clarkson University Golden Knights,CU@RIT,02/03/2024,1,18:05,"Braeden Burns, Steve DeRegis",15 Braeden Burns > Transition > Left Wing > No Dribble Jumper > Open > Long/3pt > Make 3 Pts,
9,Keegan Ocorr,,,,"Handoff, 3FGm, Def Reb",Miss 3 Pts,00:00:16.9,,,Rochester Institute of Technology Tigers,CU@RIT,02/03/2024,1,17:48,"Keegan Ocorr, Braeden Burns",1 Keegan Ocorr > Hand Off > From Dribble > Left > No Dribble Jumper > Open > Long/3pt > Miss 3 Pts,
10,Steve DeRegis,,,,"Spot Up, 3FGM, Assist",Make 3 Pts,00:00:14.4,,,Clarkson University Golden Knights,CU@RIT,02/03/2024,1,17:31,"Ryan Miles-Ferguson, Steve DeRegis",12 Steve DeRegis > Spot-Up > No Dribble Jumper > Guarded > Long/3pt > Make 3 Pts,
11,Josiah Turner,,,,"Iso, Foul",Foul,00:00:12.5,,,Rochester Institute of Technology Tigers,CU@RIT,02/03/2024,1,17:17,"Finn Cork, Josiah Turner",33 Josiah Turner > ISO > Top > Drives Left > To Basket > Foul,
12,Josiah Turner,,,,FTM,Free Throw,00:00:08.1,,,Rochester Institute of Technology Tigers,CU@RIT,02/03/2024,1,,Josiah Turner,33 Josiah Turner > Non Possession > Free Throw,
13,Josiah Turner,,,,"FTm, Def Reb",Free Throw,00:00:06.6,,,Rochester Institute of Technology Tigers,CU@RIT,02/03/2024,1,,"Josiah Turner, Braeden Burns",33 Josiah Turner > Non Possession > Free Throw,
14,Ryan Miles-Ferguson,,,,"Spot Up, 3FGm",Miss 3 Pts,00:00:18.9,,,Clarkson University Golden Knights,CU@RIT,02/03/2024,1,17:04,Ryan Miles-Ferguson,3 Ryan Miles-Ferguson > Spot-Up > Drives Left > Dribble Jumper > Long/3pt > Miss 3 Pts,
15,Ryan Miles-Ferguson,,,,"Off Reb, Off Reb, Foul",Run Offense,00:00:08.6,,,Clarkson University Golden Knights,CU@RIT,02/03/2024,1,,"Ryan Miles-Ferguson, Keegan Ocorr",3 Ryan Miles-Ferguson > Offensive Rebound > Short > Run Offense,
16,Ryan Miles-Ferguson,,,,,No Violation,00:00:09.8,,,Clarkson University Golden Knights,CU@RIT,02/03/2024,1,,Ryan Miles-Ferguson,3 Ryan Miles-Ferguson > Non Possession > No Violation,
17,Finn Cork,,,,"Post Up, 2FGm, Def Reb",Miss 2 Pts,00:00:12.8,,,Clarkson University Golden Knights,CU@RIT,02/03/2024,1,16:52,"Finn Cork, Mark Osime",40 Finn Cork > Post-Up > Right Block > Right Shoulder > Dribble Move > To Jumper > Miss 2 Pts,
18,Jackson Otis,,,,"Spot Up, 3FGm, Def Reb",Miss 3 Pts,00:00:36.9,,,Rochester Institute of Technology Tigers,CU@RIT,02/03/2024,1,16:26,"Jackson Otis, Finn Cork",25 Jackson Otis > Spot-Up > Drives Left > Dribble Jumper > Long/3pt > Miss 3 Pts,
19,Braeden Burns,,,,"Spot Up, 3FGM, Assist",Make 3 Pts,00:00:21.5,,,Clarkson University Golden Knights,CU@RIT,02/03/2024,1,16:09,"Braeden Burns, Ryan Miles-Ferguson",15 Braeden Burns > Spot-Up > No Dribble Jumper > Open > Long/3pt > Make 3 Pts,
20,Keegan Ocorr,,,,"Spot Up, 2FGM",Make 2 Pts,00:00:18.9,,,Rochester Institute of Technology Tigers,CU@RIT,02/03/2024,1,15:46,Keegan Ocorr,1 Keegan Ocorr > Spot-Up > Drives Left > To Basket > Make 2 Pts,
21,Braeden Burns,,,,"Spot Up, 2FGm, Def Reb",Miss 2 Pts,00:00:15.8,,,Clarkson University Golden Knights,CU@RIT,02/03/2024,1,15:31,"Braeden Burns, Brock Bowen",15 Braeden Burns > Spot-Up > Drives Left > To Basket > Miss 2 Pts,
22,Brock Bowen,,,,"Iso, 3FGm, Def Reb",Miss 3 Pts,00:00:29.1,,,Rochester Institute of Technology Tigers,CU@RIT,02/03/2024,1,15:08,"Brock Bowen, Ryan Miles-Ferguson",10 Brock Bowen > ISO > Left > Early Jumper > Dribble Jumper > Long/3pt > Miss 3 Pts,
23,Steve DeRegis,,,,"Transition, 3FGM, Assist",Make 3 Pts,00:00:15.7,,,Clarkson University Golden Knights,CU@RIT,02/03/2024,1,15:00,"Steve DeRegis, Finn Cork",12 Steve DeRegis > Transition > Trailer > No Dribble Jumper > Open > Long/3pt > Make 3 Pts,
24,Mark Osime,,,,"Spot Up, 2FGm, Def Reb",Miss 2 Pts,00:00:19.3,,,Rochester Institute of Technology Tigers,CU@RIT,02/03/2024,1,14:36,"Jack Dalgety, Mark Osime",23 Mark Osime > Spot-Up > Drives Left > To Basket > Miss 2 Pts,
25,Ryan Miles-Ferguson,,,,"P&R BH, 3FGM",Make 3 Pts,00:00:17.6,,,Clarkson University Golden Knights,CU@RIT,02/03/2024,1,14:25,Ryan Miles-Ferguson,3 Ryan Miles-Ferguson > P&R Ball Handler > Left P&R > Side > Dribble Off Pick > Dribble Jumper > Long/3pt > Make 3 Pts,
26,Chase Dickens,,,,"P&R BH, 2FGm",Miss 2 Pts,00:00:13.4,,,Rochester Institute of Technology Tigers,CU@RIT,02/03/2024,1,14:11,Chase Dickens,11 Chase Dickens > P&R Ball Handler > Left P&R > Side > Dribble Off Pick > To Basket > Miss 2 Pts,
27,Keegan Ocorr,,,,"Off Reb, Off Reb",Run Offense,00:00:07.4,,,Rochester Institute of Technology Tigers,CU@RIT,02/03/2024,1,,Keegan Ocorr,1 Keegan Ocorr > Offensive Rebound > Short > Run Offense,
28,Chase Dickens,,,,"Spot Up, 3FGm",Miss 3 Pts,00:00:12.6,,,Rochester Institute of Technology Tigers,CU@RIT,02/03/2024,1,14:04,Chase Dickens,11 Chase Dickens > Spot-Up > No Dribble Jumper > Open > Long/3pt > Miss 3 Pts,
29,Chase Dickens,,,,"Off Reb, Off Reb",Run Offense,00:00:07.5,,,Rochester Institute of Technology Tigers,CU@RIT,02/03/2024,1,,Chase Dickens,11 Chase Dickens > Offensive Rebound > Long > Run Offense,
30,Kenny Wilburn,,,,"Cut, Foul",Foul,00:00:11.4,,,Rochester Institute of Technology Tigers,CU@RIT,02/03/2024,1,14:00,"Finn Cork, Kenny Wilburn",3 Kenny Wilburn > Cut > Basket > Foul,
31,Kenny Wilburn,,,,FTM,Free Throw,00:00:06.7,,,Rochester Institute of Technology Tigers,CU@RIT,02/03/2024,1,,Kenny Wilburn,3 Kenny Wilburn > Non Possession > Free Throw,
32,Kenny Wilburn,,,,"FTm, Def Reb",Free Throw,00:00:07.4,,,Rochester Institute of Technology Tigers,CU@RIT,02/03/2024,1,,"Kenny Wilburn, Braeden Burns",3 Kenny Wilburn > Non Possession > Free Throw,
33,Ryan Miles-Ferguson,,,,"Handoff, 2FGm, Def Reb",Miss 2 Pts,00:00:17.2,,,Clarkson University Golden Knights,CU@RIT,02/03/2024,1,13:47,"Chase Dickens, Ryan Miles-Ferguson",3 Ryan Miles-Ferguson > Hand Off > From Dribble > Right > Dribble Jumper > Short to < 17' > Miss 2 Pts,
34,Kenny Wilburn,,,,"Spot Up, 2FGm, Def Reb",Miss 2 Pts,00:00:32.9,,,Rochester Institute of Technology Tigers,CU@RIT,02/03/2024,1,13:22,"Kenny Wilburn, Braeden Burns",3 Kenny Wilburn > Spot-Up > No Dribble Jumper > Guarded > Medium/17' to <3p > Miss 2 Pts,
35,Jack Dalgety,,,,"Post Up, Spot Up, 3FGM, Assist",Make 3 Pts,00:00:18.4,,,Clarkson University Golden Knights,CU@RIT,02/03/2024,1,13:08,"Finn Cork, Jack Dalgety",40 Finn Cork > Post-Up > Left Block > Left Shoulder > Dribble Move > Defense Commits > Ball Delivered > 21 Jack Dalgety > Spot-Up > No Dribble Jumper > Guarded > Long/3pt > Make 3 Pts,
36,Brody Brown,,,,"Spot Up, 3FGm, Def Reb",Miss 3 Pts,00:00:19.5,,,Rochester Institute of Technology Tigers,CU@RIT,02/03/2024,1,12:51,"Steve DeRegis, Brody Brown",12 Brody Brown > Spot-Up > No Dribble Jumper > Open > Long/3pt > Miss 3 Pts,
37,Braeden Burns,,,,"P&R BH, Spot Up, 3FGM",Make 3 Pts,00:00:17.2,,,Clarkson University Golden Knights,CU@RIT,02/03/2024,1,12:41,Braeden Burns,12 Steve DeRegis > P&R Ball Handler > High P&R > Dribble Off Pick > Defense Commits > Ball Delivered > 15 Braeden Burns > Spot-Up > Drives Straight > Dribble Jumper > Long/3pt > Make 3 Pts,
38,Kenny Wilburn,,,,"Post Up, 2FGm, Def Reb",Miss 2 Pts,00:00:21.4,,,Rochester Institute of Technology Tigers,CU@RIT,02/03/2024,1,12:13,"Kenny Wilburn, Braeden Burns",3 Kenny Wilburn > Post-Up > Right Block > Left Shoulder > Dribble Move > To Drop Step > Miss 2 Pts,
39,Finn Cork,,,,"Spot Up, 2FGM",Make 2 Pts,00:00:20.6,,,Clarkson University Golden Knights,CU@RIT,02/03/2024,1,11:52,Finn Cork,40 Finn Cork > Spot-Up > Drives Right > To Basket > Make 2 Pts,
40,Keegan Ocorr,,,,"P&R BH, 2FGM",Make 2 Pts,00:00:13.5,,,Rochester Institute of Technology Tigers,CU@RIT,02/03/2024,1,11:40,Keegan Ocorr,1 Keegan Ocorr > P&R Ball Handler > High P&R > Dribble Off Pick > Dribble Jumper > Short to < 17' > Make 2 Pts,
41,Steve DeRegis,,,,Foul,Foul,00:00:15.5,,,,CU@RIT,02/03/2024,1,11:27,Kenny Wilburn,12 Steve DeRegis > No Play Type > To Basket > Foul,
42,Steve DeRegis,,,,FTm,Free Throw,00:00:05.5,,,Clarkson University Golden Knights,CU@RIT,02/03/2024,1,,Steve DeRegis,12 Steve DeRegis > Non Possession > Free Throw,
43,Steve DeRegis,,,,FTM,Free Throw,00:00:05.1,,,Clarkson University Golden Knights,CU@RIT,02/03/2024,1,,Steve DeRegis,12 Steve DeRegis > Non Possession > Free Throw,
44,Chase Dickens,,,,"Off Screen, 3FGm, Def Reb",Miss 3 Pts,00:00:15.1,,,Rochester Institute of Technology Tigers,CU@RIT,02/03/2024,1,11:15,"Chase Dickens, Frankie Rainville",11 Chase Dickens > Off Screen > To Shooter's Right > Straight > No Dribble Jumper > Guarded > Long/3pt > Miss 3 Pts,
45,Jack Dalgety,,,,"Post Up, Spot Up, 2FGM",Make 2 Pts,00:00:22.3,,,Clarkson University Golden Knights,CU@RIT,02/03/2024,1,10:57,Jack Dalgety,3 Ryan Miles-Ferguson > Post-Up > Right Block > Right Shoulder > Dribble Move > Defense Commits > Ball Delivered > 21 Jack Dalgety > Spot-Up > Drives Left > To Basket > Make 2 Pts,
46,Keegan Ocorr,,,,"P&R BH, Spot Up, 3FGm",Miss 3 Pts,00:00:16.2,,,Rochester Institute of Technology Tigers,CU@RIT,02/03/2024,1,10:42,Keegan Ocorr,5 Matt Caggiano > P&R Ball Handler > Right P&R > Side > Dribble Off Pick > Defense Commits > Ball Delivered > 1 Keegan Ocorr > Spot-Up > No Dribble Jumper > Open > Long/3pt > Miss 3 Pts,
47,Brody Brown,,,,"Off Reb, Off Reb",Run Offense,00:00:08.3,,,Rochester Institute of Technology Tigers,CU@RIT,02/03/2024,1,,Brody Brown,12 Brody Brown > Offensive Rebound > Long > Run Offense,
48,Brody Brown,,,,"Spot Up, 3FGm",Miss 3 Pts,00:00:18.9,,,Rochester Institute of Technology Tigers,CU@RIT,02/03/2024,1,10:32,Brody Brown,12 Brody Brown > Spot-Up > No Dribble Jumper > Open > Long/3pt > Miss 3 Pts,
49,Kenny Wilburn,,,,"Off Reb, 2FGM, Off Reb",Make 2 Pts,00:00:07.2,,,Rochester Institute of Technology Tigers,CU@RIT,02/03/2024,1,10:32,Kenny Wilburn,3 Kenny Wilburn > Offensive Rebound > Short > Scoring Attempt > At Basket > Make 2 Pts,
50,Frankie Rainville,,,,"Turnover, Steal",Turnover,00:00:09.9,,,Clarkson University Golden Knights,CU@RIT,02/03/2024,1,10:20,"Frankie Rainville, Chase Dickens",10 Frankie Rainville > No Play Type > Turnover,
51,Kenny Wilburn,,,,"Cut, Foul",Foul,00:00:18.6,,,Rochester Institute of Technology Tigers,CU@RIT,02/03/2024,1,10:06,"Braeden Burns, Kenny Wilburn",3 Kenny Wilburn > Cut > Basket > Foul,
52,Kenny Wilburn,,,,FTM,Free Throw,00:00:08.8,,,Rochester Institute of Technology Tigers,CU@RIT,02/03/2024,1,,Kenny Wilburn,3 Kenny Wilburn > Non Possession > Free Throw,
53,Kenny Wilburn,,,,FTM,Free Throw,00:00:06.3,,,Rochester Institute of Technology Tigers,CU@RIT,02/03/2024,1,,Kenny Wilburn,3 Kenny Wilburn > Non Possession > Free Throw,
54,Ryan Miles-Ferguson,,,,"Spot Up, 3FGm, Def Reb",Miss 3 Pts,00:00:19.7,,,Clarkson University Golden Knights,CU@RIT,02/03/2024,1,9:51,"Kenny Wilburn, Ryan Miles-Ferguson",3 Ryan Miles-Ferguson > Spot-Up > No Dribble Jumper > Guarded > Long/3pt > Miss 3 Pts,
55,Chase Dickens,,,,"Iso, 2FGm, Def Reb",Miss 2 Pts,00:00:22.8,,,Rochester Institute of Technology Tigers,CU@RIT,02/03/2024,1,9:36,"Matt Toscano, Chase Dickens",11 Chase Dickens > ISO > Left > Drives Left > Dribble Jumper > Medium/17' to <3p > Miss 2 Pts,
56,Aydin Kocak,,,,"Spot Up, 3FGM, Assist",Make 3 Pts,00:00:19.1,,,Clarkson University Golden Knights,CU@RIT,02/03/2024,1,9:23,"Matt Toscano, Aydin Kocak",2 Aydin Kocak > Spot-Up > Drives Left > Dribble Jumper > Long/3pt > Make 3 Pts,
57,Kenny Wilburn,,,,"Iso, 2FGm, Block, Blocked Attempt",Miss 2 Pts,00:00:14.5,,,Rochester Institute of Technology Tigers,CU@RIT,02/03/2024,1,9:07,"Kenny Wilburn, Aydin Kocak",3 Kenny Wilburn > ISO > Top > Drives Right > To Basket > Miss 2 Pts,
58,Kenny Wilburn,,,,"Off Reb, 2FGM, Off Reb",Make 2 Pts,00:00:07.7,,,Rochester Institute of Technology Tigers,CU@RIT,02/03/2024,1,9:07,Kenny Wilburn,3 Kenny Wilburn > Offensive Rebound > Short > Scoring Attempt > At Basket > Make 2 Pts,
59,Aydin Kocak,,,,"Spot Up, 3FGm, Def Reb",Miss 3 Pts,00:00:22.5,,,Clarkson University Golden Knights,CU@RIT,02/03/2024,1,8:50,"Aydin Kocak, Chase Dickens",2 Aydin Kocak > Spot-Up > No Dribble Jumper > Guarded > Long/3pt > Miss 3 Pts,
60,Kenny Wilburn,,,,"Post Up, 2FGm, Def Reb",Miss 2 Pts,00:00:21.7,,,Rochester Institute of Technology Tigers,CU@RIT,02/03/2024,1,8:32,"Kenny Wilburn, Jack Dalgety",3 Kenny Wilburn > Post-Up > Right Block > Face-up > Drive Middle > Miss 2 Pts,
61,Aydin Kocak,,,,Foul,Non Shooting Foul,00:00:21.9,,,,CU@RIT,02/03/2024,1,,Matt Caggiano,2 Aydin Kocak > Non Possession > Non Shooting Foul,
62,Frankie Rainville,,,,"Turnover, Steal",Turnover,00:00:10.5,,,Clarkson University Golden Knights,CU@RIT,02/03/2024,1,8:15,"Frankie Rainville, Chase Dickens",10 Frankie Rainville > No Play Type > Turnover,
63,Brandon Weiss,,,,"Transition, 3FGM, Assist",Make 3 Pts,00:00:13.8,,,Rochester Institute of Technology Tigers,CU@RIT,02/03/2024,1,8:09,"Chase Dickens, Brandon Weiss",4 Brandon Weiss > Transition > Left Wing > No Dribble Jumper > Open > Long/3pt > Make 3 Pts,
64,Matt Toscano,,,,"Spot Up, 3FGm",Miss 3 Pts,00:00:26.1,,,Clarkson University Golden Knights,CU@RIT,02/03/2024,1,7:47,Matt Toscano,4 Matt Toscano > Spot-Up > No Dribble Jumper > Open > Long/3pt > Miss 3 Pts,
65,Matt Toscano,,,,"Off Reb, Off Reb",Run Offense,00:00:07.7,,,Clarkson University Golden Knights,CU@RIT,02/03/2024,1,,Matt Toscano,4 Matt Toscano > Offensive Rebound > Long > Run Offense,
66,Jack Dalgety,,,,Foul,Non Shooting Foul,00:00:11.3,,,,CU@RIT,02/03/2024,1,,Chase Dickens,21 Jack Dalgety > Non Possession > Non Shooting Foul,
67,Aydin Kocak,,,,"Spot Up, Foul",Foul,00:00:09.9,,,Clarkson University Golden Knights,CU@RIT,02/03/2024,1,7:37,"Josiah Turner, Aydin Kocak",2 Aydin Kocak > Spot-Up > Drives Right > To Basket > Foul,
68,Aydin Kocak,,,,FTm,Free Throw,00:00:07.5,,,Clarkson University Golden Knights,CU@RIT,02/03/2024,1,,Aydin Kocak,2 Aydin Kocak > Non Possession > Free Throw,
69,Aydin Kocak,,,,FTM,Free Throw,00:00:06.1,,,Clarkson University Golden Knights,CU@RIT,02/03/2024,1,,Aydin Kocak,2 Aydin Kocak > Non Possession > Free Throw,
70,Jackson Otis,,,,"Iso, Spot Up, 3FGm",Miss 3 Pts,00:00:22.5,,,Rochester Institute of Technology Tigers,CU@RIT,02/03/2024,1,7:14,Jackson Otis,11 Chase Dickens > ISO > Right > Drives Left > Defense Commits > Ball Delivered > 25 Jackson Otis > Spot-Up > No Dribble Jumper > Guarded > Long/3pt > Miss 3 Pts,
71,Josiah Turner,,,,"Off Reb, Off Reb",Run Offense,00:00:07.1,,,Rochester Institute of Technology Tigers,CU@RIT,02/03/2024,1,,Josiah Turner,33 Josiah Turner > Offensive Rebound > Short > Run Offense,
72,Josiah Turner,,,,"Post Up, 2FGM",Make 2 Pts,00:00:10.6,,,Rochester Institute of Technology Tigers,CU@RIT,02/03/2024,1,7:09,Josiah Turner,33 Josiah Turner > Post-Up > Right Block > Right Shoulder > Dribble Move > To Jumper > Make 2 Pts,
73,Frankie Rainville,,,,"Spot Up, 3FGM, Assist",Make 3 Pts,00:00:22.9,,,Clarkson University Golden Knights,CU@RIT,02/03/2024,1,6:49,"Frankie Rainville, Matt Toscano",10 Frankie Rainville > Spot-Up > No Dribble Jumper > Open > Long/3pt > Make 3 Pts,
74,Josiah Turner,,,,"Iso, 2FGM, Foul",1 Pts,00:00:13.3,,,Rochester Institute of Technology Tigers,CU@RIT,02/03/2024,1,6:32,"Josiah Turner, Aydin Kocak",33 Josiah Turner > ISO > Top > Drives Left > To Basket > Make 2 Pts Foul > 1 Pts,
75,Josiah Turner,,,,FTM,Free Throw,00:00:07.5,,,Rochester Institute of Technology Tigers,CU@RIT,02/03/2024,1,,Josiah Turner,33 Josiah Turner > Non Possession > Free Throw,
76,Aydin Kocak,,,,"Spot Up, 2FGm, Def Reb",Miss 2 Pts,00:00:21.5,,,Clarkson University Golden Knights,CU@RIT,02/03/2024,1,6:17,"Aydin Kocak, Josiah Turner",2 Aydin Kocak > Spot-Up > Drives Right > Dribble Jumper > Medium/17' to <3p > Miss 2 Pts,
77,Keegan Ocorr,,,,"Transition Turnover, Turnover, Steal",Turnover,00:00:12.9,,,Rochester Institute of Technology Tigers,CU@RIT,02/03/2024,1,6:10,"Keegan Ocorr, Frankie Rainville",1 Keegan Ocorr > Transition > Ballhandler > Turnover,
78,Braeden Burns,,,,"Transition, 2FGm, Def Reb",Miss 2 Pts,00:00:11.9,,,Clarkson University Golden Knights,CU@RIT,02/03/2024,1,6:04,"Braeden Burns, Mark Osime",15 Braeden Burns > Transition > Left Wing > To Basket > Miss 2 Pts,
79,Josiah Turner,,,,"Iso, 2FGM",Make 2 Pts,00:00:22.5,,,Rochester Institute of Technology Tigers,CU@RIT,02/03/2024,1,5:47,Josiah Turner,33 Josiah Turner > ISO > Top > Drives Right > To Basket > Make 2 Pts,
80,Braeden Burns,,,,"Spot Up, 3FGM, Assist",Make 3 Pts,00:00:20.7,,,Clarkson University Golden Knights,CU@RIT,02/03/2024,1,5:26,"Braeden Burns, Frankie Rainville",15 Braeden Burns > Spot-Up > No Dribble Jumper > Guarded > Long/3pt > Make 3 Pts,
81,Mark Osime,,,,"P&R BH, 3FGm, Def Reb",Miss 3 Pts,00:00:14.2,,,Rochester Institute of Technology Tigers,CU@RIT,02/03/2024,1,5:09,"Mark Osime, Aydin Kocak",23 Mark Osime > P&R Ball Handler > Left P&R > Side > Dribble Off Pick > Dribble Jumper > Long/3pt > Miss 3 Pts,
82,Braeden Burns,,,,"Spot Up, Foul",Foul,00:00:16.9,,,Clarkson University Golden Knights,CU@RIT,02/03/2024,1,5:00,"Brock Bowen, Braeden Burns",15 Braeden Burns > Spot-Up > No Dribble Jumper > Guarded > Long/3pt > Foul,
83,Braeden Burns,,,,FTM,Free Throw,00:00:06.6,,,Clarkson University Golden Knights,CU@RIT,02/03/2024,1,,Braeden Burns,15 Braeden Burns > Non Possession > Free Throw,
84,Braeden Burns,,,,FTm,Free Throw,00:00:06.5,,,Clarkson University Golden Knights,CU@RIT,02/03/2024,1,,Braeden Burns,15 Braeden Burns > Non Possession > Free Throw,
85,Braeden Burns,,,,"FTm, Def Reb",Free Throw,00:00:08.2,,,Clarkson University Golden Knights,CU@RIT,02/03/2024,1,,"Braeden Burns, Josiah Turner",15 Braeden Burns > Non Possession > Free Throw,
86,Josiah Turner,,,,Foul,Non Shooting Foul,00:00:15.1,,,,CU@RIT,02/03/2024,1,,Aydin Kocak,33 Josiah Turner > Non Possession > Non Shooting Foul,
87,Josiah Turner,,,,"Post Up, Foul",Foul,00:00:21.2,,,Rochester Institute of Technology Tigers,CU@RIT,02/03/2024,1,4:26,"Aydin Kocak, Josiah Turner",33 Josiah Turner > Post-Up > Left Block > Right Shoulder > Dribble Move > To Basket > Foul,
88,Josiah Turner,,,,FTM,Free Throw,00:00:06.1,,,Rochester Institute of Technology Tigers,CU@RIT,02/03/2024,1,,Josiah Turner,33 Josiah Turner > Non Possession > Free Throw,
89,Josiah Turner,,,,FTM,Free Throw,00:00:05.8,,,Rochester Institute of Technology Tigers,CU@RIT,02/03/2024,1,,Josiah Turner,33 Josiah Turner > Non Possession > Free Throw,
90,Ryan Miles-Ferguson,,,,Foul,Foul,00:00:10.8,,,,CU@RIT,02/03/2024,1,4:17,Keegan Ocorr,3 Ryan Miles-Ferguson > No Play Type > Foul,
91,Ryan Miles-Ferguson,,,,FTM,Free Throw,00:00:09.6,,,Clarkson University Golden Knights,CU@RIT,02/03/2024,1,,Ryan Miles-Ferguson,3 Ryan Miles-Ferguson > Non Possession > Free Throw,
92,Ryan Miles-Ferguson,,,,"FTm, Def Reb",Free Throw,00:00:10.4,,,Clarkson University Golden Knights,CU@RIT,02/03/2024,1,,"Ryan Miles-Ferguson, Brock Bowen",3 Ryan Miles-Ferguson > Non Possession > Free Throw,
93,Josiah Turner,,,,"Transition, 2FGM, Assist",Make 2 Pts,00:00:10.5,,,Rochester Institute of Technology Tigers,CU@RIT,02/03/2024,1,4:10,"Josiah Turner, Matt Caggiano",33 Josiah Turner > Transition > First Middle > To Basket > Make 2 Pts,
94,Ryan Miles-Ferguson,,,,"Foul, Turnover",Turnover,00:00:18.9,,,Clarkson University Golden Knights,CU@RIT,02/03/2024,1,3:53,Ryan Miles-Ferguson,3 Ryan Miles-Ferguson > No Play Type > Turnover,
95,Josiah Turner,,,,"Iso, 2FGm",Miss 2 Pts,00:00:12.4,,,Rochester Institute of Technology Tigers,CU@RIT,02/03/2024,1,3:39,Josiah Turner,33 Josiah Turner > ISO > Top > Drives Left > To Basket > Miss 2 Pts,
96,Josiah Turner,,,,"Off Reb, 2FGM, Off Reb",Make 2 Pts,00:00:06.4,,,Rochester Institute of Technology Tigers,CU@RIT,02/03/2024,1,3:39,Josiah Turner,33 Josiah Turner > Offensive Rebound > Short > Scoring Attempt > At Basket > Make 2 Pts,
97,Braeden Burns,,,,"Spot Up, Foul",Foul,00:00:14.3,,,Clarkson University Golden Knights,CU@RIT,02/03/2024,1,3:28,"Matt Caggiano, Braeden Burns",15 Braeden Burns > Spot-Up > Drives Right > Foul,
98,Braeden Burns,,,,FTM,Free Throw,00:00:07.7,,,Clarkson University Golden Knights,CU@RIT,02/03/2024,1,,Braeden Burns,15 Braeden Burns > Non Possession > Free Throw,
99,Braeden Burns,,,,FTM,Free Throw,00:00:06.2,,,Clarkson University Golden Knights,CU@RIT,02/03/2024,1,,Braeden Burns,15 Braeden Burns > Non Possession > Free Throw,
100,Brandon Weiss,,,,"P&R BH, Spot Up, 3FGM, Assist",Make 3 Pts,00:00:25.2,,,Rochester Institute of Technology Tigers,CU@RIT,02/03/2024,1,3:00,"Brock Bowen, Brandon Weiss",10 Brock Bowen > P&R Ball Handler > High P&R > Dribble Off Pick > Defense Commits > Ball Delivered > 4 Brandon Weiss > Spot-Up > No Dribble Jumper > Guarded > Long/3pt > Make 3 Pts,
101,Ryan Miles-Ferguson,,,,"P&R BH, 2FGm",Miss 2 Pts,00:00:23.2,,,Clarkson University Golden Knights,CU@RIT,02/03/2024,1,2:38,Ryan Miles-Ferguson,3 Ryan Miles-Ferguson > P&R Ball Handler > High P&R > Dribble Off Pick > To Basket > Miss 2 Pts,
102,Braeden Burns,,,,"Off Reb, Off Reb",Run Offense,00:00:06.1,,,Clarkson University Golden Knights,CU@RIT,02/03/2024,1,,Braeden Burns,15 Braeden Burns > Offensive Rebound > Short > Run Offense,
103,Ryan Miles-Ferguson,,,,"Iso, 3FGm, Def Reb",Miss 3 Pts,00:00:17.4,,,Clarkson University Golden Knights,CU@RIT,02/03/2024,1,2:30,"Ryan Miles-Ferguson, Josiah Turner",3 Ryan Miles-Ferguson > ISO > Left > Early Jumper > No Dribble Jumper > Guarded > Long/3pt > Miss 3 Pts,
104,Josiah Turner,,,,Foul,Foul,00:00:08.8,,,,CU@RIT,02/03/2024,1,2:27,Braeden Burns,33 Josiah Turner > No Play Type > Foul,
105,Josiah Turner,,,,FTM,Free Throw,00:00:05.9,,,Rochester Institute of Technology Tigers,CU@RIT,02/03/2024,1,,Josiah Turner,33 Josiah Turner > Non Possession > Free Throw,
106,Josiah Turner,,,,FTM,Free Throw,00:00:05.9,,,Rochester Institute of Technology Tigers,CU@RIT,02/03/2024,1,,Josiah Turner,33 Josiah Turner > Non Possession > Free Throw,
107,Jack Dalgety,,,,"Spot Up, 3FGm, Def Reb",Miss 3 Pts,00:00:16.9,,,Clarkson University Golden Knights,CU@RIT,02/03/2024,1,2:16,"Jack Dalgety, Brock Bowen",21 Jack Dalgety > Spot-Up > No Dribble Jumper > Open > Long/3pt > Miss 3 Pts,
108,Brody Brown,,,,,Kicked Ball,00:00:11.3,,,Rochester Institute of Technology Tigers,CU@RIT,02/03/2024,1,,Brody Brown,12 Brody Brown > Non Possession > Kicked Ball,
109,Mark Osime,,,,"Post Up, Cut, 2FGM, Assist",Make 2 Pts,00:00:20.9,,,Rochester Institute of Technology Tigers,CU@RIT,02/03/2024,1,1:53,"Mark Osime, Josiah Turner",33 Josiah Turner > Post-Up > Left Block > Right Shoulder > Dribble Move > Defense Commits > Ball Delivered > 23 Mark Osime > Cut > Basket > Make 2 Pts,
110,Jack Dalgety,,,,"Spot Up, Foul, Turnover",Turnover,00:00:20.3,,,Clarkson University Golden Knights,CU@RIT,02/03/2024,1,1:35,Jack Dalgety,21 Jack Dalgety > Spot-Up > Drives Right > To Basket > Turnover,
111,Josiah Turner,,,,"Post Up, Foul",Foul,00:00:16.8,,,Rochester Institute of Technology Tigers,CU@RIT,02/03/2024,1,1:18,"Braeden Burns, Josiah Turner",33 Josiah Turner > Post-Up > Right Block > Foul,
112,Josiah Turner,,,,FTM,Free Throw,00:00:06.1,,,Rochester Institute of Technology Tigers,CU@RIT,02/03/2024,1,,Josiah Turner,33 Josiah Turner > Non Possession > Free Throw,
113,Josiah Turner,,,,FTM,Free Throw,00:00:06.6,,,Rochester Institute of Technology Tigers,CU@RIT,02/03/2024,1,,Josiah Turner,33 Josiah Turner > Non Possession > Free Throw,
114,Ryan Miles-Ferguson,,,,"Iso, 2FGM",Make 2 Pts,00:00:21.9,,,Clarkson University Golden Knights,CU@RIT,02/03/2024,1,0:58,Ryan Miles-Ferguson,3 Ryan Miles-Ferguson > ISO > Top > Drives Right > To Basket > Make 2 Pts,
115,Josiah Turner,,,,"Post Up, Foul, Turnover",Turnover,00:00:32.3,,,Rochester Institute of Technology Tigers,CU@RIT,02/03/2024,1,0:29,Josiah Turner,33 Josiah Turner > Post-Up > Left Block > Left Shoulder > Dribble Move > Turnover,
116,Ryan Miles-Ferguson,,,,"P&R BH, Turnover",Turnover,00:00:29.7,,,Clarkson University Golden Knights,CU@RIT,02/03/2024,1,0:05,Ryan Miles-Ferguson,3 Ryan Miles-Ferguson > P&R Ball Handler > High P&R > Dribble Off Pick > Defense Commits > Turnover,
117,Kenny Wilburn,,,,"Transition, 2FGM, Assist",Make 2 Pts,00:00:09.8,,,Rochester Institute of Technology Tigers,CU@RIT,02/03/2024,1,,"Kenny Wilburn, Matt Caggiano",3 Kenny Wilburn > Transition > Left Wing > To Basket > Make 2 Pts,
118,Jackson Otis,,,,"Cut, Turnover, Steal",Turnover,00:00:13.1,,,Rochester Institute of Technology Tigers,CU@RIT,02/03/2024,2,19:50,"Ryan Miles-Ferguson, Jackson Otis",25 Jackson Otis > Cut > Basket > Turnover,
119,Ryan Miles-Ferguson,,,,"Transition, 2FGm, Def Reb",Miss 2 Pts,00:00:12.8,,,Clarkson University Golden Knights,CU@RIT,02/03/2024,2,19:44,"Ryan Miles-Ferguson, Josiah Turner",3 Ryan Miles-Ferguson > Transition > Ballhandler > To Basket > Miss 2 Pts,
120,Josiah Turner,,,,"Post Up, Turnover, Steal",Turnover,00:00:19.2,,,Rochester Institute of Technology Tigers,CU@RIT,02/03/2024,2,19:32,"Josiah Turner, Steve DeRegis",33 Josiah Turner > Post-Up > Left Block > Face-up > Drive Baseline > Defense Commits > Turnover,
121,Finn Cork,,,,,Non Shooting Foul,00:00:19.5,,,Clarkson University Golden Knights,CU@RIT,02/03/2024,2,,Finn Cork,40 Finn Cork > Non Possession > Non Shooting Foul,
122,Ryan Miles-Ferguson,,,,"Cut, Foul",Foul,00:00:08.1,,,Clarkson University Golden Knights,CU@RIT,02/03/2024,2,19:13,"Jackson Otis, Ryan Miles-Ferguson",3 Ryan Miles-Ferguson > Cut > Flash > Foul,
123,Ryan Miles-Ferguson,,,,FTM,Free Throw,00:00:09.3,,,Clarkson University Golden Knights,CU@RIT,02/03/2024,2,,Ryan Miles-Ferguson,3 Ryan Miles-Ferguson > Non Possession > Free Throw,
124,Ryan Miles-Ferguson,,,,"FTm, Def Reb",Free Throw,00:00:10.9,,,Clarkson University Golden Knights,CU@RIT,02/03/2024,2,,"Ryan Miles-Ferguson, Josiah Turner",3 Ryan Miles-Ferguson > Non Possession > Free Throw,
125,Brock Bowen,,,,"Cut, 2FGM, Foul, Assist",1 Pts,00:00:19.3,,,Rochester Institute of Technology Tigers,CU@RIT,02/03/2024,2,19:00,"Brock Bowen, Braeden Burns, Josiah Turner",10 Brock Bowen > Cut > Basket > Make 2 Pts Foul > 1 Pts,
126,Brock Bowen,,,,FTM,Free Throw,00:00:07.2,,,Rochester Institute of Technology Tigers,CU@RIT,02/03/2024,2,,Brock Bowen,10 Brock Bowen > Non Possession > Free Throw,
127,Frankie Rainville,,,,"Cut, 2FGM, Assist",Make 2 Pts,00:00:24.1,,,Clarkson University Golden Knights,CU@RIT,02/03/2024,2,18:40,"Frankie Rainville, Finn Cork",10 Frankie Rainville > Cut > Basket > Make 2 Pts,
128,Keegan Ocorr,,,,"P&R BH, 2FGm, Def Reb",Miss 2 Pts,00:00:15.5,,,Rochester Institute of Technology Tigers,CU@RIT,02/03/2024,2,18:24,"Keegan Ocorr, Jack Dalgety",1 Keegan Ocorr > P&R Ball Handler > Right P&R > Side > Dribble Off Pick > Dribble Jumper > Short to < 17' > Miss 2 Pts,
129,Steve DeRegis,,,,"Spot Up, 3FGm, Def Reb",Miss 3 Pts,00:00:19.8,,,Clarkson University Golden Knights,CU@RIT,02/03/2024,2,18:12,"Brock Bowen, Steve DeRegis",12 Steve DeRegis > Spot-Up > No Dribble Jumper > Guarded > Long/3pt > Miss 3 Pts,
130,Josiah Turner,,,,"Cut, 2FGm, Def Reb",Miss 2 Pts,00:00:17.7,,,Rochester Institute of Technology Tigers,CU@RIT,02/03/2024,2,18:01,"Josiah Turner, Finn Cork",33 Josiah Turner > Cut > Basket > Miss 2 Pts,
131,Steve DeRegis,,,,"Spot Up, 2FGm",Miss 2 Pts,00:00:22.5,,,Clarkson University Golden Knights,CU@RIT,02/03/2024,2,17:44,Steve DeRegis,12 Steve DeRegis > Spot-Up > Drives Left > To Basket > Miss 2 Pts,
132,Finn Cork,,,,"Off Reb, Off Reb",Run Offense,00:00:06.8,,,Clarkson University Golden Knights,CU@RIT,02/03/2024,2,,Finn Cork,40 Finn Cork > Offensive Rebound > Short > Run Offense,
133,Jack Dalgety,,,,"Spot Up, 3FGM, Assist",Make 3 Pts,00:00:10.5,,,Clarkson University Golden Knights,CU@RIT,02/03/2024,2,17:38,"Ryan Miles-Ferguson, Jack Dalgety",21 Jack Dalgety > Spot-Up > No Dribble Jumper > Guarded > Long/3pt > Make 3 Pts,
134,Jackson Otis,,,,"Cut, 2FGm, Def Reb",Miss 2 Pts,00:00:20.5,,,Rochester Institute of Technology Tigers,CU@RIT,02/03/2024,2,17:18,"Jack Dalgety, Jackson Otis",25 Jackson Otis > Cut > Flash > Miss 2 Pts,
135,Finn Cork,,,,"Post Up, Turnover, Steal",Turnover,00:00:22.6,,,Clarkson University Golden Knights,CU@RIT,02/03/2024,2,16:59,"Finn Cork, Chase Dickens",40 Finn Cork > Post-Up > Left Block > Left Shoulder > Dribble Move > Defense Commits > Turnover,
136,Chase Dickens,,,,"Spot Up, Turnover, Steal",Turnover,00:00:17.7,,,Rochester Institute of Technology Tigers,CU@RIT,02/03/2024,2,16:49,"Chase Dickens, Frankie Rainville",11 Chase Dickens > Spot-Up > Drives Right > Turnover,
137,Frankie Rainville,,,,"Iso, Spot Up, 3FGm, Def Reb",Miss 3 Pts,00:00:24.5,,,Clarkson University Golden Knights,CU@RIT,02/03/2024,2,16:30,"Frankie Rainville, Brock Bowen",3 Ryan Miles-Ferguson > ISO > Top > Drives Right > Defense Commits > Ball Delivered > 10 Frankie Rainville > Spot-Up > No Dribble Jumper > Guarded > Long/3pt > Miss 3 Pts,
138,Chase Dickens,,,,"Post Up, 2FGM",Make 2 Pts,00:00:19.4,,,Rochester Institute of Technology Tigers,CU@RIT,02/03/2024,2,16:17,Chase Dickens,11 Chase Dickens > Post-Up > Left Block > Right Shoulder > Dribble Move > To Basket > Make 2 Pts,
139,Jack Dalgety,,,,"Post Up, Spot Up, 3FGm, Def Reb",Miss 3 Pts,00:00:21.3,,,Clarkson University Golden Knights,CU@RIT,02/03/2024,2,15:56,"Jack Dalgety, Keegan Ocorr",3 Ryan Miles-Ferguson > Post-Up > Right Block > Right Shoulder > Dribble Move > Defense Commits > Ball Delivered > 21 Jack Dalgety > Spot-Up > No Dribble Jumper > Guarded > Long/3pt > Miss 3 Pts,
140,Josiah Turner,,,,"Post Up, Turnover",Turnover,00:00:17.1,,,Rochester Institute of Technology Tigers,CU@RIT,02/03/2024,2,15:46,Josiah Turner,33 Josiah Turner > Post-Up > Flash Middle > Face-up > Drives Left > Turnover,
141,Ryan Miles-Ferguson,,,,"Spot Up, 3FGm, Def Reb",Miss 3 Pts,00:00:17.3,,,Clarkson University Golden Knights,CU@RIT,02/03/2024,2,15:35,"Brock Bowen, Ryan Miles-Ferguson",3 Ryan Miles-Ferguson > Spot-Up > No Dribble Jumper > Guarded > Long/3pt > Miss 3 Pts,
142,Keegan Ocorr,,,,"Off Screen, Foul",Foul,00:00:28.2,,,Rochester Institute of Technology Tigers,CU@RIT,02/03/2024,2,15:13,"Finn Cork, Keegan Ocorr",1 Keegan Ocorr > Off Screen > To Shooter's Left > Straight > To Basket > Foul,
143,Keegan Ocorr,,,,FTm,Free Throw,00:00:05.9,,,Rochester Institute of Technology Tigers,CU@RIT,02/03/2024,2,,Keegan Ocorr,1 Keegan Ocorr > Non Possession > Free Throw,
144,Keegan Ocorr,,,,FTM,Free Throw,00:00:05.9,,,Rochester Institute of Technology Tigers,CU@RIT,02/03/2024,2,,Keegan Ocorr,1 Keegan Ocorr > Non Possession > Free Throw,
145,Ryan Miles-Ferguson,,,,"Spot Up, 2FGM, Foul",1 Pts,00:00:26.3,,,Clarkson University Golden Knights,CU@RIT,02/03/2024,2,14:51,"Ryan Miles-Ferguson, Chase Dickens",3 Ryan Miles-Ferguson > Spot-Up > Drives Left > To Basket > Make 2 Pts Foul > 1 Pts,
146,Ryan Miles-Ferguson,,,,FTM,Free Throw,00:00:09.7,,,Clarkson University Golden Knights,CU@RIT,02/03/2024,2,,Ryan Miles-Ferguson,3 Ryan Miles-Ferguson > Non Possession > Free Throw,
147,Kenny Wilburn,,,,"P&R BH, P&R Roll Man, 2FGM, Assist",Make 2 Pts,00:00:13.3,,,Rochester Institute of Technology Tigers,CU@RIT,02/03/2024,2,14:35,"Kenny Wilburn, Brock Bowen",10 Brock Bowen > P&R Ball Handler > Left P&R > Side > Dribble Off Pick > Defense Commits > Ball Delivered > 3 Kenny Wilburn > P&R Roll Man > Rolls to Basket > Make 2 Pts,
148,Finn Cork,,,,"Post Up, Turnover, Steal",Turnover,00:00:28.9,,,Clarkson University Golden Knights,CU@RIT,02/03/2024,2,14:06,"Finn Cork, Chase Dickens",40 Finn Cork > Post-Up > Left Block > Left Shoulder > Dribble Move > Defense Commits > Turnover,
149,Kenny Wilburn,,,,"Post Up, Turnover",Turnover,00:00:18.2,,,Rochester Institute of Technology Tigers,CU@RIT,02/03/2024,2,13:48,Kenny Wilburn,3 Kenny Wilburn > Post-Up > Left Block > Right Shoulder > Dribble Move > Defense Commits > Turnover,
150,Steve DeRegis,,,,"P&R BH, 2FGm, Block, Blocked Attempt",Miss 2 Pts,00:00:19.6,,,Clarkson University Golden Knights,CU@RIT,02/03/2024,2,13:34,"Steve DeRegis, Chase Dickens",12 Steve DeRegis > P&R Ball Handler > High P&R > Go Away from Pick > To Basket > Miss 2 Pts,
151,Jack Dalgety,,,,"Off Screen, 2FGM",Make 2 Pts,00:00:10.3,,,Clarkson University Golden Knights,CU@RIT,02/03/2024,2,13:30,Jack Dalgety,21 Jack Dalgety > Off Screen > To Shooter's Right > Straight > To Basket > Make 2 Pts,
152,Keegan Ocorr,,,,2FGM,Make 2 Pts,00:00:08.1,,,Rochester Institute of Technology Tigers,CU@RIT,02/03/2024,2,13:14,Keegan Ocorr,1 Keegan Ocorr > No Play Type > To Basket > Make 2 Pts,
153,Steve DeRegis,,,,"Post Up, Spot Up, 3FGm",Miss 3 Pts,00:00:19.9,,,Clarkson University Golden Knights,CU@RIT,02/03/2024,2,12:58,Steve DeRegis,40 Finn Cork > Post-Up > Left Block > Left Shoulder > Dribble Move > Defense Commits > Ball Delivered > 12 Steve DeRegis > Spot-Up > No Dribble Jumper > Guarded > Long/3pt > Miss 3 Pts,
154,Finn Cork,,,,"Off Reb, Off Reb, Turnover, Steal",Turnover,00:00:09.9,,,Clarkson University Golden Knights,CU@RIT,02/03/2024,2,12:58,"Finn Cork, Brock Bowen",40 Finn Cork > Offensive Rebound > Short > Turnover,
155,Chase Dickens,,,,"Transition, Foul",Foul,00:00:13.8,,,Rochester Institute of Technology Tigers,CU@RIT,02/03/2024,2,12:48,"Steve DeRegis, Chase Dickens",11 Chase Dickens > Transition > Right Wing > To Basket > Foul,
156,Chase Dickens,,,,FTM,Free Throw,00:00:05.2,,,Rochester Institute of Technology Tigers,CU@RIT,02/03/2024,2,,Chase Dickens,11 Chase Dickens > Non Possession > Free Throw,
157,Chase Dickens,,,,"FTm, Def Reb",Free Throw,00:00:07.3,,,Rochester Institute of Technology Tigers,CU@RIT,02/03/2024,2,,"Chase Dickens, Jack Dalgety",11 Chase Dickens > Non Possession > Free Throw,
158,Jack Dalgety,,,,"P&R BH, P&R Roll Man, Foul",Foul,00:00:27.7,,,Clarkson University Golden Knights,CU@RIT,02/03/2024,2,12:24,"Brody Brown, Jack Dalgety",3 Ryan Miles-Ferguson > P&R Ball Handler > High P&R > Dribble Off Pick > Defense Commits > Ball Delivered > 21 Jack Dalgety > P&R Roll Man > Slips the Pick > To Basket > Foul,
159,Jack Dalgety,,,,FTM,Free Throw,00:00:07.7,,,Clarkson University Golden Knights,CU@RIT,02/03/2024,2,,Jack Dalgety,21 Jack Dalgety > Non Possession > Free Throw,
160,Jack Dalgety,,,,FTM,Free Throw,00:00:07.7,,,Clarkson University Golden Knights,CU@RIT,02/03/2024,2,,Jack Dalgety,21 Jack Dalgety > Non Possession > Free Throw,
161,Mark Osime,,,,"Off Screen, 2FGM",Make 2 Pts,00:00:15.9,,,Rochester Institute of Technology Tigers,CU@RIT,02/03/2024,2,12:07,Mark Osime,23 Mark Osime > Off Screen > To Shooter's Left > Straight > To Basket > Make 2 Pts,
162,Ryan Miles-Ferguson,,,,"Handoff, 2FGM",Make 2 Pts,00:00:14.6,,,Clarkson University Golden Knights,CU@RIT,02/03/2024,2,11:50,Ryan Miles-Ferguson,3 Ryan Miles-Ferguson > Hand Off > From Dribble > Top > To Basket > Make 2 Pts,
163,Brody Brown,,,,"Off Screen, 3FGm, Def Reb",Miss 3 Pts,00:00:15.1,,,Rochester Institute of Technology Tigers,CU@RIT,02/03/2024,2,11:35,"Brody Brown, Frankie Rainville",12 Brody Brown > Off Screen > To Shooter's Right > Straight > No Dribble Jumper > Open > Long/3pt > Miss 3 Pts,
164,Finn Cork,,,,"Post Up, 2FGM, Assist",Make 2 Pts,00:00:18.8,,,Clarkson University Golden Knights,CU@RIT,02/03/2024,2,11:20,"Ryan Miles-Ferguson, Finn Cork",40 Finn Cork > Post-Up > Flash Middle > Left Shoulder > Dribble Move > To Hook > Make 2 Pts,
165,Kenny Wilburn,,,,"P&R BH, P&R Roll Man, 2FGM, Assist",Make 2 Pts,00:00:09.0,,,Rochester Institute of Technology Tigers,CU@RIT,02/03/2024,2,11:09,"Kenny Wilburn, Matt Caggiano",5 Matt Caggiano > P&R Ball Handler > Left P&R > Side > Dribble Off Pick > Defense Commits > Ball Delivered > 3 Kenny Wilburn > P&R Roll Man > Rolls to Basket > Make 2 Pts,
166,Steve DeRegis,,,,"Turnover, Steal",Turnover,00:00:10.7,,,Clarkson University Golden Knights,CU@RIT,02/03/2024,2,10:59,"Steve DeRegis, Mark Osime",12 Steve DeRegis > No Play Type > Turnover,
167,Mark Osime,,,,"Transition, 2FGm, Def Reb",Miss 2 Pts,00:00:12.6,,,Rochester Institute of Technology Tigers,CU@RIT,02/03/2024,2,10:53,"Jack Dalgety, Mark Osime",23 Mark Osime > Transition > Left Wing > To Basket > Miss 2 Pts,
168,Ryan Miles-Ferguson,,,,"Spot Up, 3FGM, Assist",Make 3 Pts,00:00:22.6,,,Clarkson University Golden Knights,CU@RIT,02/03/2024,2,10:37,"Ryan Miles-Ferguson, Steve DeRegis",3 Ryan Miles-Ferguson > Spot-Up > No Dribble Jumper > Guarded > Long/3pt > Make 3 Pts,
169,Matt Caggiano,,,,"P&R BH, Spot Up, 3FGM, Assist",Make 3 Pts,00:00:25.2,,,Rochester Institute of Technology Tigers,CU@RIT,02/03/2024,2,10:08,"Brock Bowen, Matt Caggiano",10 Brock Bowen > P&R Ball Handler > Right P&R > Side > Dribble Off Pick > Defense Commits > Ball Delivered > 5 Matt Caggiano > Spot-Up > No Dribble Jumper > Guarded > Long/3pt > Make 3 Pts,
170,Steve DeRegis,,,,"Handoff, Turnover",Turnover,00:00:18.9,,,Clarkson University Golden Knights,CU@RIT,02/03/2024,2,9:49,Steve DeRegis,12 Steve DeRegis > Hand Off > From Dribble > Top > Turnover,
171,Kenny Wilburn,,,,"P&R BH, P&R Roll Man, 2FGM",Make 2 Pts,00:00:12.2,,,Rochester Institute of Technology Tigers,CU@RIT,02/03/2024,2,9:36,Kenny Wilburn,5 Matt Caggiano > P&R Ball Handler > Left P&R > Side > Go Away from Pick > Defense Commits > Ball Delivered > 3 Kenny Wilburn > P&R Roll Man > Rolls to Basket > Make 2 Pts,
172,Finn Cork,,,,Foul,Non Shooting Foul,00:00:15.9,,,,CU@RIT,02/03/2024,2,,Kenny Wilburn,40 Finn Cork > Non Possession > Non Shooting Foul,
173,Frankie Rainville,,,,"Handoff, Turnover",Turnover,00:00:17.1,,,Clarkson University Golden Knights,CU@RIT,02/03/2024,2,9:10,Frankie Rainville,10 Frankie Rainville > Hand Off > From Stationary > Right > Turnover,
174,Kenny Wilburn,,,,"Post Up, 2FGM",Make 2 Pts,00:00:15.2,,,Rochester Institute of Technology Tigers,CU@RIT,02/03/2024,2,8:52,Kenny Wilburn,3 Kenny Wilburn > Post-Up > Right Block > Face-up > Drive Baseline > Make 2 Pts,
175,Matt Toscano,,,,"Spot Up, 2FGM",Make 2 Pts,00:00:25.4,,,Clarkson University Golden Knights,CU@RIT,02/03/2024,2,8:31,Matt Toscano,4 Matt Toscano > Spot-Up > Drives Right > To Basket > Make 2 Pts,
176,Matt Caggiano,,,,"Turnover, Steal",Turnover,00:00:10.9,,,Rochester Institute of Technology Tigers,CU@RIT,02/03/2024,2,8:23,"Matt Caggiano, Frankie Rainville",5 Matt Caggiano > No Play Type > Turnover,
177,Ryan Miles-Ferguson,,,,"Transition, Foul",Foul,00:00:10.5,,,Clarkson University Golden Knights,CU@RIT,02/03/2024,2,8:20,"Mark Osime, Ryan Miles-Ferguson",3 Ryan Miles-Ferguson > Transition > Left Wing > To Basket > Foul,
178,Ryan Miles-Ferguson,,,,FTM,Free Throw,00:00:09.3,,,Clarkson University Golden Knights,CU@RIT,02/03/2024,2,,Ryan Miles-Ferguson,3 Ryan Miles-Ferguson > Non Possession > Free Throw,
179,Ryan Miles-Ferguson,,,,FTM,Free Throw,00:00:09.1,,,Clarkson University Golden Knights,CU@RIT,02/03/2024,2,,Ryan Miles-Ferguson,3 Ryan Miles-Ferguson > Non Possession > Free Throw,
180,Mark Osime,,,,"Spot Up, 3FGm",Miss 3 Pts,00:00:13.7,,,Rochester Institute of Technology Tigers,CU@RIT,02/03/2024,2,8:06,Mark Osime,23 Mark Osime > Spot-Up > No Dribble Jumper > Guarded > Long/3pt > Miss 3 Pts,
181,Finn Cork,,,,"Spot Up, 2FGm, Def Reb",Miss 2 Pts,00:00:24.4,,,Clarkson University Golden Knights,CU@RIT,02/03/2024,2,7:48,"Finn Cork, Brody Brown",40 Finn Cork > Spot-Up > Drives Right > To Basket > Miss 2 Pts,
182,Kenny Wilburn,,,,"Transition, 2FGM, Assist",Make 2 Pts,00:00:10.8,,,Rochester Institute of Technology Tigers,CU@RIT,02/03/2024,2,7:42,"Kenny Wilburn, Brock Bowen",3 Kenny Wilburn > Transition > Right Wing > To Basket > Make 2 Pts,
183,Ryan Miles-Ferguson,,,,"Iso, 3FGM",Make 3 Pts,00:00:25.4,,,Clarkson University Golden Knights,CU@RIT,02/03/2024,2,7:18,Ryan Miles-Ferguson,3 Ryan Miles-Ferguson > ISO > Left > Early Jumper > No Dribble Jumper > Guarded > Long/3pt > Make 3 Pts,
184,Matt Caggiano,,,,,No Violation,00:00:07.3,,,Rochester Institute of Technology Tigers,CU@RIT,02/03/2024,2,,Matt Caggiano,5 Matt Caggiano > Non Possession > No Violation,
185,Matt Caggiano,,,,"P&R BH, Turnover, Steal",Turnover,00:00:16.5,,,Rochester Institute of Technology Tigers,CU@RIT,02/03/2024,2,6:56,"Matt Caggiano, Braeden Burns",5 Matt Caggiano > P&R Ball Handler > Left P&R > Baseline > Dribble Off Pick > Defense Commits > Turnover,
186,Braeden Burns,,,,"Spot Up, 2FGM, Foul",1 Pts,00:00:08.9,,,Clarkson University Golden Knights,CU@RIT,02/03/2024,2,6:46,"Braeden Burns, Brock Bowen",15 Braeden Burns > Spot-Up > Drives Left > To Basket > Make 2 Pts Foul > 1 Pts,
187,Braeden Burns,,,,FTM,Free Throw,00:00:06.7,,,Clarkson University Golden Knights,CU@RIT,02/03/2024,2,,Braeden Burns,15 Braeden Burns > Non Possession > Free Throw,
188,Brock Bowen,,,,"P&R BH, 3FGm",Miss 3 Pts,00:00:24.5,,,Rochester Institute of Technology Tigers,CU@RIT,02/03/2024,2,6:32,Brock Bowen,10 Brock Bowen > P&R Ball Handler > Left P&R > Side > Dribble Off Pick > Dribble Jumper > Long/3pt > Miss 3 Pts,
189,Brock Bowen,,,,"Off Screen, 2FGM, Assist",Make 2 Pts,00:00:08.9,,,Rochester Institute of Technology Tigers,CU@RIT,02/03/2024,2,6:26,"Brock Bowen, Keegan Ocorr",10 Brock Bowen > Off Screen > To Shooter's Right > Straight > Dribble Jumper > Medium/17' to <3p > Make 2 Pts,
190,Braeden Burns,,,,"Spot Up, 3FGM, Assist",Make 3 Pts,00:00:13.0,,,Clarkson University Golden Knights,CU@RIT,02/03/2024,2,6:14,"Braeden Burns, Ryan Miles-Ferguson",15 Braeden Burns > Spot-Up > No Dribble Jumper > Guarded > Long/3pt > Make 3 Pts,
191,Brock Bowen,,,,"Off Screen, 3FGM, Assist",Make 3 Pts,00:00:14.8,,,Rochester Institute of Technology Tigers,CU@RIT,02/03/2024,2,5:57,"Brock Bowen, Keegan Ocorr",10 Brock Bowen > Off Screen > To Shooter's Left > Fade > No Dribble Jumper > Guarded > Long/3pt > Make 3 Pts,
192,Braeden Burns,,,,"Handoff, 3FGm, Def Reb",Miss 3 Pts,00:00:18.1,,,Clarkson University Golden Knights,CU@RIT,02/03/2024,2,5:43,"Braeden Burns, Kenny Wilburn",15 Braeden Burns > Hand Off > From Dribble > Top > No Dribble Jumper > Guarded > Long/3pt > Miss 3 Pts,
193,Kenny Wilburn,,,,"Cut, 2FGM, Assist",Make 2 Pts,00:00:24.4,,,Rochester Institute of Technology Tigers,CU@RIT,02/03/2024,2,5:23,"Keegan Ocorr, Kenny Wilburn",3 Kenny Wilburn > Cut > Screen > Make 2 Pts,
194,Finn Cork,,,,"Spot Up, 2FGM",Make 2 Pts,00:00:15.9,,,Clarkson University Golden Knights,CU@RIT,02/03/2024,2,5:03,Finn Cork,40 Finn Cork > Spot-Up > Drives Right > To Basket > Make 2 Pts,
195,Kenny Wilburn,,,,"Cut, 2FGM, Assist",Make 2 Pts,00:00:28.1,,,Rochester Institute of Technology Tigers,CU@RIT,02/03/2024,2,4:36,"Mark Osime, Kenny Wilburn",3 Kenny Wilburn > Cut > Flash > Make 2 Pts,
196,Braeden Burns,,,,"Spot Up, 2FGm",Miss 2 Pts,00:00:33.9,,,Clarkson University Golden Knights,CU@RIT,02/03/2024,2,4:04,Braeden Burns,15 Braeden Burns > Spot-Up > Drives Right > To Basket > Miss 2 Pts,
197,Braeden Burns,,,,"Off Reb, 2FGm, Off Reb",Miss 2 Pts,00:00:09.6,,,Clarkson University Golden Knights,CU@RIT,02/03/2024,2,4:04,Braeden Burns,15 Braeden Burns > Offensive Rebound > Short > Scoring Attempt > At Basket > Miss 2 Pts,
198,Josiah Turner,,,,"Post Up, Turnover",Turnover,00:00:24.8,,,Rochester Institute of Technology Tigers,CU@RIT,02/03/2024,2,3:38,Josiah Turner,33 Josiah Turner > Post-Up > Right Block > Left Shoulder > Dribble Move > Defense Commits > Turnover,
199,Ryan Miles-Ferguson,,,,"Iso, 2FGm, Def Reb",Miss 2 Pts,00:00:27.2,,,Clarkson University Golden Knights,CU@RIT,02/03/2024,2,3:17,"Ryan Miles-Ferguson, Josiah Turner",3 Ryan Miles-Ferguson > ISO > Right > Drives Left > Dribble Jumper > Medium/17' to <3p > Miss 2 Pts,
200,Mark Osime,,,,Foul,Non Shooting Foul,00:00:11.8,,,,CU@RIT,02/03/2024,2,,Ryan Miles-Ferguson,23 Mark Osime > Non Possession > Non Shooting Foul,
201,Keegan Ocorr,,,,"P&R BH, Spot Up, 3FGm, Def Reb",Miss 3 Pts,00:00:22.0,,,Rochester Institute of Technology Tigers,CU@RIT,02/03/2024,2,2:58,"Jack Dalgety, Keegan Ocorr",10 Brock Bowen > P&R Ball Handler > Left P&R > Baseline > Dribble Off Pick > Defense Commits > Ball Delivered > 1 Keegan Ocorr > Spot-Up > No Dribble Jumper > Open > Long/3pt > Miss 3 Pts,
202,Ryan Miles-Ferguson,,,,"P&R BH, Spot Up, 3FGM, Assist",Make 3 Pts,00:00:21.3,,,Clarkson University Golden Knights,CU@RIT,02/03/2024,2,2:33,"Ryan Miles-Ferguson, Matt Toscano",4 Matt Toscano > P&R Ball Handler > High P&R > Dribble Off Pick > Defense Commits > Ball Delivered > 3 Ryan Miles-Ferguson > Spot-Up > No Dribble Jumper > Guarded > Long/3pt > Make 3 Pts,
203,Josiah Turner,,,,Foul,Non Shooting Foul,00:00:12.7,,,,CU@RIT,02/03/2024,2,,Finn Cork,33 Josiah Turner > Non Possession > Non Shooting Foul,
204,Brock Bowen,,,,"P&R BH, 3FGm",Miss 3 Pts,00:00:24.7,,,Rochester Institute of Technology Tigers,CU@RIT,02/03/2024,2,2:04,Brock Bowen,10 Brock Bowen > P&R Ball Handler > Left P&R > Side > Takes Early Jump Shot > No Dribble Jumper > Guarded > Long/3pt > Miss 3 Pts,
205,Josiah Turner,,,,"Off Reb, 2FGm, Off Reb",Miss 2 Pts,00:00:11.6,,,Rochester Institute of Technology Tigers,CU@RIT,02/03/2024,2,2:04,Josiah Turner,33 Josiah Turner > Offensive Rebound > Short > Scoring Attempt > At Basket > Miss 2 Pts,
206,Kenny Wilburn,,,,"Cut, 2FGM, Assist",Make 2 Pts,00:00:10.5,,,Rochester Institute of Technology Tigers,CU@RIT,02/03/2024,2,1:53,"Kenny Wilburn, Keegan Ocorr",3 Kenny Wilburn > Cut > Screen > Make 2 Pts,
207,Ryan Miles-Ferguson,,,,"Handoff, 3FGM, Assist",Make 3 Pts,00:00:22.1,,,Clarkson University Golden Knights,CU@RIT,02/03/2024,2,1:33,"Ryan Miles-Ferguson, Finn Cork",3 Ryan Miles-Ferguson > Hand Off > From Dribble > Right > No Dribble Jumper > Guarded > Long/3pt > Make 3 Pts,
208,Mark Osime,,,,"Spot Up, Foul",Foul,00:00:13.0,,,Rochester Institute of Technology Tigers,CU@RIT,02/03/2024,2,1:19,"Ryan Miles-Ferguson, Mark Osime",23 Mark Osime > Spot-Up > Drives Right > To Basket > Foul,
209,Mark Osime,,,,FTM,Free Throw,00:00:06.9,,,Rochester Institute of Technology Tigers,CU@RIT,02/03/2024,2,,Mark Osime,23 Mark Osime > Non Possession > Free Throw,
210,Mark Osime,,,,"FTm, Def Reb",Free Throw,00:00:07.0,,,Rochester Institute of Technology Tigers,CU@RIT,02/03/2024,2,,"Mark Osime, Braeden Burns",23 Mark Osime > Non Possession > Free Throw,
211,Ryan Miles-Ferguson,,,,"P&R BH, 3FGm",Miss 3 Pts,00:00:37.0,,,Clarkson University Golden Knights,CU@RIT,02/03/2024,2,0:47,Ryan Miles-Ferguson,3 Ryan Miles-Ferguson > P&R Ball Handler > High P&R > Dribble Off Pick > Dribble Jumper > Long/3pt > Miss 3 Pts,
212,Matt Caggiano,,,,"P&R BH, 3FGM",Make 3 Pts,00:00:14.0,,,Rochester Institute of Technology Tigers,CU@RIT,02/03/2024,2,0:39,Matt Caggiano,5 Matt Caggiano > P&R Ball Handler > High P&R > Dribble Off Pick > Dribble Jumper > Long/3pt > Make 3 Pts,
213,Jack Dalgety,,,,"P&R BH, Foul",Foul,00:00:17.2,,,Clarkson University Golden Knights,CU@RIT,02/03/2024,2,0:27,"Josiah Turner, Jack Dalgety",21 Jack Dalgety > P&R Ball Handler > Right P&R > Side > Dribble Off Pick > Defense Commits > Foul,
214,Jack Dalgety,,,,FTM,Free Throw,00:00:07.4,,,Clarkson University Golden Knights,CU@RIT,02/03/2024,2,,Jack Dalgety,21 Jack Dalgety > Non Possession > Free Throw,
215,Jack Dalgety,,,,FTM,Free Throw,00:00:07.0,,,Clarkson University Golden Knights,CU@RIT,02/03/2024,2,,Jack Dalgety,21 Jack Dalgety > Non Possession > Free Throw,
216,Matt Caggiano,,,,"Spot Up, 3FGM, Assist",Make 3 Pts,00:00:10.4,,,Rochester Institute of Technology Tigers,CU@RIT,02/03/2024,2,0:17,"Mark Osime, Matt Caggiano",5 Matt Caggiano > Spot-Up > No Dribble Jumper > Guarded > Long/3pt > Make 3 Pts,
217,Ryan Miles-Ferguson,,,,,No Violation,00:00:11.2,,,Clarkson University Golden Knights,CU@RIT,02/03/2024,2,,Ryan Miles-Ferguson,3 Ryan Miles-Ferguson > Non Possession > No Violation,
218,Finn Cork,,,,"2FGm, Def Reb",Miss 2 Pts,00:00:13.9,,,Clarkson University Golden Knights,CU@RIT,02/03/2024,2,0:02,"Finn Cork, Josiah Turner",40 Finn Cork > No Play Type > To Basket > Miss 2 Pts,
219,Keegan Ocorr,,,,,No Violation,00:00:10.8,,,Rochester Institute of Technology Tigers,CU@RIT,02/03/2024,2,,Keegan Ocorr,1 Keegan Ocorr > Non Possession > No Violation,
220,Josiah Turner,,,,,Turnover,00:00:07.0,,,Rochester Institute of Technology Tigers,CU@RIT,02/03/2024,3,,Josiah Turner,33 Josiah Turner > No Play Type > Turnover,
221,Ryan Miles-Ferguson,,,,"Handoff, 3FGm, Def Reb",Miss 3 Pts,00:00:13.8,,,Clarkson University Golden Knights,CU@RIT,02/03/2024,3,4:51,"Ryan Miles-Ferguson, Josiah Turner",3 Ryan Miles-Ferguson > Hand Off > From Dribble > Top > No Dribble Jumper > Open > Long/3pt > Miss 3 Pts,
222,Josiah Turner,,,,"Transition, 2FGM, Assist",Make 2 Pts,00:00:14.2,,,Rochester Institute of Technology Tigers,CU@RIT,02/03/2024,3,4:40,"Josiah Turner, Matt Caggiano",33 Josiah Turner > Transition > Trailer > To Basket > Make 2 Pts,
223,Finn Cork,,,,"Spot Up, Foul",Foul,00:00:12.3,,,Clarkson University Golden Knights,CU@RIT,02/03/2024,3,4:31,"Josiah Turner, Finn Cork",40 Finn Cork > Spot-Up > Foul,
224,Finn Cork,,,,FTM,Free Throw,00:00:07.2,,,Clarkson University Golden Knights,CU@RIT,02/03/2024,3,,Finn Cork,40 Finn Cork > Non Possession > Free Throw,
225,Finn Cork,,,,FTM,Free Throw,00:00:06.9,,,Clarkson University Golden Knights,CU@RIT,02/03/2024,3,,Finn Cork,40 Finn Cork > Non Possession > Free Throw,
226,Matt Caggiano,,,,"Spot Up, 2FGm, Def Reb",Miss 2 Pts,00:00:31.1,,,Rochester Institute of Technology Tigers,CU@RIT,02/03/2024,3,4:00,"Matt Caggiano, Ryan Miles-Ferguson",5 Matt Caggiano > Spot-Up > Drives Left > To Basket > Miss 2 Pts,
227,Ryan Miles-Ferguson,,,,"Spot Up, 2FGm",Miss 2 Pts,00:00:27.9,,,Clarkson University Golden Knights,CU@RIT,02/03/2024,3,3:37,Ryan Miles-Ferguson,3 Ryan Miles-Ferguson > Spot-Up > Drives Left > To Basket > Miss 2 Pts,
228,Kenny Wilburn,,,,"Iso, 2FGm, Def Reb, Block, Blocked Attempt",Miss 2 Pts,00:00:13.0,,,Rochester Institute of Technology Tigers,CU@RIT,02/03/2024,3,3:24,"Kenny Wilburn, Ryan Miles-Ferguson, Jack Dalgety",3 Kenny Wilburn > ISO > Top > Drives Left > To Basket > Miss 2 Pts,
229,Braeden Burns,,,,"Spot Up, 3FGm, Def Reb",Miss 3 Pts,00:00:17.2,,,Clarkson University Golden Knights,CU@RIT,02/03/2024,3,3:12,"Matt Caggiano, Braeden Burns",15 Braeden Burns > Spot-Up > No Dribble Jumper > Guarded > Long/3pt > Miss 3 Pts,
230,Mark Osime,,,,"P&R BH, Spot Up, 3FGm",Miss 3 Pts,00:00:23.2,,,Rochester Institute of Technology Tigers,CU@RIT,02/03/2024,3,2:58,Mark Osime,5 Matt Caggiano > P&R Ball Handler > High P&R > Dribble Off Pick > Defense Commits > Ball Delivered > 23 Mark Osime > Spot-Up > No Dribble Jumper > Guarded > Long/3pt > Miss 3 Pts,
231,Braeden Burns,,,,"Spot Up, 2FGm",Miss 2 Pts,00:00:21.8,,,Clarkson University Golden Knights,CU@RIT,02/03/2024,3,2:38,Braeden Burns,15 Braeden Burns > Spot-Up > Drives Right > To Basket > Miss 2 Pts,
232,Braeden Burns,,,,"Off Reb, Off Reb",Run Offense,00:00:06.3,,,Clarkson University Golden Knights,CU@RIT,02/03/2024,3,,Braeden Burns,15 Braeden Burns > Offensive Rebound > Short > Run Offense,
233,Jack Dalgety,,,,"Spot Up, 3FGM, Assist",Make 3 Pts,00:00:09.7,,,Clarkson University Golden Knights,CU@RIT,02/03/2024,3,2:33,"Steve DeRegis, Jack Dalgety",21 Jack Dalgety > Spot-Up > No Dribble Jumper > Open > Long/3pt > Make 3 Pts,
234,Jackson Otis,,,,"P&R BH, Spot Up, 3FGm",Miss 3 Pts,00:00:32.7,,,Rochester Institute of Technology Tigers,CU@RIT,02/03/2024,3,2:04,Jackson Otis,5 Matt Caggiano > P&R Ball Handler > High P&R > Dribble Off Pick > Defense Commits > Ball Delivered > 25 Jackson Otis > Spot-Up > No Dribble Jumper > Guarded > Long/3pt > Miss 3 Pts,
235,Keegan Ocorr,,,,Foul,Foul,00:00:06.2,,,,CU@RIT,02/03/2024,3,2:03,Ryan Miles-Ferguson,1 Keegan Ocorr > No Play Type > Foul,
236,Keegan Ocorr,,,,FTM,Free Throw,00:00:05.8,,,Rochester Institute of Technology Tigers,CU@RIT,02/03/2024,3,,Keegan Ocorr,1 Keegan Ocorr > Non Possession > Free Throw,
237,Keegan Ocorr,,,,FTM,Free Throw,00:00:05.5,,,Rochester Institute of Technology Tigers,CU@RIT,02/03/2024,3,,Keegan Ocorr,1 Keegan Ocorr > Non Possession > Free Throw,
238,Finn Cork,,,,"Post Up, Foul",Foul,00:00:28.1,,,Clarkson University Golden Knights,CU@RIT,02/03/2024,3,1:39,"Jackson Otis, Finn Cork",40 Finn Cork > Post-Up > Left Block > Left Shoulder > Dribble Move > Foul,
239,Finn Cork,,,,FTM,Free Throw,00:00:07.8,,,Clarkson University Golden Knights,CU@RIT,02/03/2024,3,,Finn Cork,40 Finn Cork > Non Possession > Free Throw,
240,Finn Cork,,,,FTM,Free Throw,00:00:06.9,,,Clarkson University Golden Knights,CU@RIT,02/03/2024,3,,Finn Cork,40 Finn Cork > Non Possession > Free Throw,
241,Matt Caggiano,,,,"Iso, Foul",Foul,00:00:15.5,,,Rochester Institute of Technology Tigers,CU@RIT,02/03/2024,3,1:21,"Braeden Burns, Matt Caggiano",5 Matt Caggiano > ISO > Left > Drives Right > Defense Commits > Foul,
242,Matt Caggiano,,,,FTM,Free Throw,00:00:06.1,,,Rochester Institute of Technology Tigers,CU@RIT,02/03/2024,3,,Matt Caggiano,5 Matt Caggiano > Non Possession > Free Throw,
243,Matt Caggiano,,,,"FTm, Def Reb",Free Throw,00:00:08.5,,,Rochester Institute of Technology Tigers,CU@RIT,02/03/2024,3,,"Ryan Miles-Ferguson, Matt Caggiano",5 Matt Caggiano > Non Possession > Free Throw,
244,Jack Dalgety,,,,"Iso, Spot Up, 3FGm, Def Reb",Miss 3 Pts,00:00:29.3,,,Clarkson University Golden Knights,CU@RIT,02/03/2024,3,0:55,"Jack Dalgety, Jackson Otis",3 Ryan Miles-Ferguson > ISO > Right > Drives Right > Defense Commits > Ball Delivered > 21 Jack Dalgety > Spot-Up > No Dribble Jumper > Guarded > Long/3pt > Miss 3 Pts,
245,Kenny Wilburn,,,,"P&R BH, Spot Up, 2FGm",Miss 2 Pts,00:00:28.3,,,Rochester Institute of Technology Tigers,CU@RIT,02/03/2024,3,0:35,Kenny Wilburn,5 Matt Caggiano > P&R Ball Handler > High P&R > Go Away from Pick > Defense Commits > Ball Delivered > 3 Kenny Wilburn > Spot-Up > No Dribble Jumper > Guarded > Short to < 17' > Miss 2 Pts,
246,Mark Osime,,,,Foul,Foul,00:00:05.4,,,,CU@RIT,02/03/2024,3,0:33,Frankie Rainville,23 Mark Osime > No Play Type > Foul,
247,Mark Osime,,,,FTM,Free Throw,00:00:07.7,,,Rochester Institute of Technology Tigers,CU@RIT,02/03/2024,3,,Mark Osime,23 Mark Osime > Non Possession > Free Throw,
248,Mark Osime,,,,"FTm, Def Reb",Free Throw,00:00:07.4,,,Rochester Institute of Technology Tigers,CU@RIT,02/03/2024,3,,"Mark Osime, Frankie Rainville",23 Mark Osime > Non Possession > Free Throw,
249,Steve DeRegis,,,,Foul,Foul,00:00:07.5,,,,CU@RIT,02/03/2024,3,0:23,Mark Osime,12 Steve DeRegis > No Play Type > Foul,
250,Steve DeRegis,,,,FTM,Free Throw,00:00:04.9,,,Clarkson University Golden Knights,CU@RIT,02/03/2024,3,,Steve DeRegis,12 Steve DeRegis > Non Possession > Free Throw,
251,Steve DeRegis,,,,"FTm, Def Reb",Free Throw,00:00:06.0,,,Clarkson University Golden Knights,CU@RIT,02/03/2024,3,,"Steve DeRegis, Josiah Turner",12 Steve DeRegis > Non Possession > Free Throw,
252,Matt Caggiano,,,,"Transition Turnover, Turnover",Turnover,00:00:11.9,,,Rochester Institute of Technology Tigers,CU@RIT,02/03/2024,3,0:18,Matt Caggiano,5 Matt Caggiano > Transition > Ballhandler > To Basket > Turnover,
253,Steve DeRegis,,,,Foul,Foul,00:00:05.4,,,,CU@RIT,02/03/2024,3,0:18,Mark Osime,12 Steve DeRegis > No Play Type > Foul,
254,Steve DeRegis,,,,FTM,Free Throw,00:00:05.1,,,Clarkson University Golden Knights,CU@RIT,02/03/2024,3,,Steve DeRegis,12 Steve DeRegis > Non Possession > Free Throw,
255,Steve DeRegis,,,,FTM,Free Throw,00:00:04.6,,,Clarkson University Golden Knights,CU@RIT,02/03/2024,3,,Steve DeRegis,12 Steve DeRegis > Non Possession > Free Throw,
256,Matt Caggiano,,,,"P&R BH, 3FGm",Miss 3 Pts,00:00:17.1,,,Rochester Institute of Technology Tigers,CU@RIT,02/03/2024,3,0:13,Matt Caggiano,5 Matt Caggiano > P&R Ball Handler > High P&R > Dribble Off Pick > Dribble Jumper > Long/3pt > Miss 3 Pts,
257,Josiah Turner,,,,"Cut, 2FGm",Miss 2 Pts,00:00:12.3,,,Rochester Institute of Technology Tigers,CU@RIT,02/03/2024,3,0:05,Josiah Turner,33 Josiah Turner > Cut > Screen > Miss 2 Pts,
258,Mark Osime,,,,"Off Reb, Off Reb, Foul",Foul,00:00:08.5,,,Rochester Institute of Technology Tigers,CU@RIT,02/03/2024,3,0:05,"Mark Osime, Ryan Miles-Ferguson",23 Mark Osime > Offensive Rebound > Short > Scoring Attempt > At Basket > Foul,
259,Mark Osime,,,,FTm,Free Throw,00:00:08.1,,,Rochester Institute of Technology Tigers,CU@RIT,02/03/2024,3,,Mark Osime,23 Mark Osime > Non Possession > Free Throw,
260,Mark Osime,,,,FTm,Free Throw,00:00:07.1,,,Rochester Institute of Technology Tigers,CU@RIT,02/03/2024,3,,Mark Osime,23 Mark Osime > Non Possession > Free Throw,
261,Steve DeRegis,,,,Foul,Foul,00:00:05.8,,,,CU@RIT,02/03/2024,3,0:03,Matt Caggiano,12 Steve DeRegis > No Play Type > Foul,
262,Steve DeRegis,,,,FTM,Free Throw,00:00:04.7,,,Clarkson University Golden Knights,CU@RIT,02/03/2024,3,,Steve DeRegis,12 Steve DeRegis > Non Possession > Free Throw,
263,Steve DeRegis,,,,FTM,Free Throw,00:00:04.7,,,Clarkson University Golden Knights,CU@RIT,02/03/2024,3,,Steve DeRegis,12 Steve DeRegis > Non Possession > Free Throw,
